{
    "name": "kara70",
    "vendorId": "0xB4AE",
    "productId": "0xD5AB",
    "matrix": {
        "rows": 5,
        "cols": 17
    },
    "menus": ["qmk_rgblight"],
    "keycodes": ["qmk_lighting"],
    "layouts": {
        "keymap": [
            [
              "0,0",
              "0,1",
              "0,2",
              "0,3",
              "0,4",
              "0,5",
              "0,6",
              "0,7",
              "0,8",
              "0,9",
              "0,10",
              "0,11",
              "0,12",
              {
                "w": 2
              },
              "0,13",
              {
                "x": 0.4870000000000001
              },
              "0,14",
              {
                "x": -3.552713678800501e-15
              },
              "0,15",
              "0,16"
            ],
            [
              {
                "w": 1.5
              },
              "1,0",
              "1,1",
              "1,2",
              "1,3",
              "1,4",
              "1,5",
              "1,6",
              "1,7",
              "1,8",
              "1,9",
              "1,10",
              "1,11",
              "1,12",
              {
                "w": 1.5
              },
              "1,13",
              {
                "x": 0.4870000000000001
              },
              "1,14",
              {
                "x": -3.552713678800501e-15
              },
              "1,15",
              "1,16"
            ],
            [
              {
                "w": 1.75
              },
              "2,0",
              "2,1",
              "2,2",
              "2,3",
              {
                "n": true
              },
              "2,4",
              "2,5",
              "2,6",
              {
                "n": true
              },
              "2,7",
              "2,8",
              "2,9",
              "2,10",
              "2,11",
              {
                "w": 2.25
              },
              "2,13"
            ],
            [
              {
                "w": 2.25
              },
              "3,0",
              "3,2",
              "3,3",
              "3,4",
              "3,5",
              "3,6",
              "3,7",
              "3,8",
              "3,9",
              "3,10",
              "3,11",
              {
                "w": 2.75
              },
              "3,12",
              {
                "x": 1.4869999999999983
              },
              "3,15"
            ],
            [
              {
                "w": 1.25
              },
              "4,0",
              {
                "w": 1.25
              },
              "4,1",
              {
                "w": 1.25
              },
              "4,2",
              {
                "w": 7,
                "n": true
              },
              "4,6",
              {
                "w": 1.5
              },
              "4,10",
              {
                "w": 1.5
              },
              "4,11",
              {
                "w": 1.25
              },
              "4,13",
              {
                "x": 0.4870000000000001
              },
              "4,14",
              {
                "x": -3.552713678800501e-15
              },
              "4,15",
              "4,16"
            ]
        ]
    }
}
